name,email,shortname
John,john@mycompany.com,john
Mary,mary@mycompany.com,mary
Lisa,lisa@mycompany.com,lisa
Jeff,jeff@mycompany.com,jeff
Madison,madison@mycompany.com,madison
Alex,alex@mycompany.com,alex
